provider,model_id,n,none_prediction_rate_all,control_false_positive_rate,non_control_over_abstention_rate,schema_present_accuracy,primary_schema_accuracy
anthropic,claude_sonnet_4_6,2400,0.18666666666666668,0.14333333333333334,0.0,0.8566666666666667,0.7720833333333333
google,gemini_2_5_flash,2400,0.16791666666666666,0.16208333333333333,0.0,0.8379166666666666,0.7616666666666667
openai,openai_gpt_5_4_mini,2400,0.32125,0.012916666666666667,0.004166666666666667,0.9829166666666667,0.885
